2016-02-24,fractions,4958
2016-02-24,free,6342
2016-02-24,geometry,834
2016-02-24,graphing,782
2016-02-24,green eggs and ham,5786
2016-02-24,homophones,309
2016-02-24,horton hears a who,1734
2016-02-24,Word,7896
2016-02-24,writing paper,1613
2016-02-24,writing prompts,2943
2016-02-25,fractions,31940
2016-02-25,free,41612
2016-02-25,geometry,4836
2016-02-25,graphing,4799
2016-02-25,green eggs and ham,36553
2016-02-25,homophones,2051
2016-02-25,horton hears a who,9962
2016-02-25,Word,50041
2016-02-25,writing paper,11378
2016-02-25,writing prompts,18863
2016-02-26,fractions,52786
2016-02-26,free,69019
2016-02-26,geometry,7660
2016-02-26,graphing,8103
2016-02-26,green eggs and ham,60071
2016-02-26,homophones,3214
2016-02-26,horton hears a who,16822
2016-02-26,Word,80775
2016-02-26,writing paper,18318
2016-02-26,writing prompts,29784
2016-02-27,fractions,58965
2016-02-27,free,81468
2016-02-27,geometry,8967
2016-02-27,graphing,8737
2016-02-27,green eggs and ham,69708
2016-02-27,homophones,3707
2016-02-27,horton hears a who,19460
2016-02-27,Word,92684
2016-02-27,writing paper,20550
2016-02-27,writing prompts,34722
2016-02-28,fractions,74856
2016-02-28,free,109277
2016-02-28,geometry,11599
2016-02-28,graphing,10928
2016-02-28,green eggs and ham,91565
2016-02-28,homophones,4824
2016-02-28,horton hears a who,25423
2016-02-28,Word,118141
2016-02-28,writing paper,25258
2016-02-28,writing prompts,44591
2016-02-29,fractions,99693
2016-02-29,free,156713
2016-02-29,geometry,15466
2016-02-29,graphing,14475
2016-02-29,green eggs and ham,124337
2016-02-29,homophones,6750
2016-02-29,horton hears a who,34647
2016-02-29,Word,156599
2016-02-29,writing paper,34828
2016-02-29,writing prompts,60087
2016-03-01,fractions,27140
2016-03-01,free,40462
2016-03-01,geometry,4487
2016-03-01,graphing,4398
2016-03-01,green eggs and ham,34782
2016-03-01,homophones,1894
2016-03-01,horton hears a who,10694
2016-03-01,Word,41697
2016-03-01,writing paper,10271
2016-03-01,writing prompts,16077
2016-03-02,fractions,48647
2016-03-02,free,73648
2016-03-02,geometry,8125
2016-03-02,graphing,7806
2016-03-02,green eggs and ham,63568
2016-03-02,homophones,3391
2016-03-02,horton hears a who,18971
2016-03-02,Word,74119
2016-03-02,writing paper,19413
2016-03-02,writing prompts,28964
2016-03-03,fractions,65836
2016-03-03,free,95988
2016-03-03,geometry,11005
2016-03-03,graphing,10624
2016-03-03,green eggs and ham,85037
2016-03-03,homophones,4607
2016-03-03,horton hears a who,25130
2016-03-03,Word,101698
2016-03-03,writing paper,26012
2016-03-03,writing prompts,39593
2016-03-04,fractions,79505
2016-03-04,free,113525
2016-03-04,geometry,13766
2016-03-04,graphing,12791
2016-03-04,green eggs and ham,100746
2016-03-04,homophones,5441
2016-03-04,horton hears a who,30200
2016-03-04,Word,123066
2016-03-04,writing paper,31125
2016-03-04,writing prompts,4745
